{"cameraMode":{"drawMode":0,"name":"Shaded","section":"Shading Mode"},"sceneLighting":true,"audioPlay":false,"sceneViewState":{"showFog":true,"showMaterialUpdate":false,"showSkybox":true,"showFlares":true,"showImageEffects":true,"showParticleSystems":true},"in2DMode":false,"pivot":{"x":-5.750064373016357,"y":0.6132583618164063,"z":6.978652477264404},"rotation":{"x":-0.1723320186138153,"y":0.047261882573366168,"z":-0.008273636922240258,"w":-0.983869731426239},"size":50.65959167480469,"orthographic":true}